name,slot,luck,dig_str,capacity,dig_speed,shake_str,shake_speed,sell,size,modifier
Golden Ring,Ring,0.7,0,0,0,0,0,0,0,0
Amethyst Pendant,Necklace,2.0,0,0,0,0,0,15,0,0
Garden Glove,Charm,0.0,1,5,0,0,0,0,0,0
Titanium Ring,Ring,0.0,0,13,0,0,0,0,0,0
Smoke Ring,Ring,0.0,0,0,0,0,0,0,0,15
Pearl Necklace,Necklace,4.0,4,0,0,0,0,0,0,0
Jade Armband,Charm,8.0,0,10,0,0,0,0,0,0
Topaz Necklace,Necklace,5.0,4,0,0,1,0,0,0,0
Ruby Ring,Ring,3.0,0,0,0,0,0,0,18,0
Lapis Armband,Charm,9.0,0,0,40,0,40,0,0,0
Speed Coil,Charm,0.0,0,0,70,0,70,0,0,0
Meteor Ring,Ring,0.0,3,0,0,1,0,0,0,0
Opal Amulet,Necklace,13.0,0,0,0,0,0,0,0,90
Moon Ring,Ring,7.0,0,0,40,0,40,0,0,0
Gravity Coil,Charm,0.0,0,140,0,0,0,0,0,0
Heart Of The Ocean,Ring,10.0,0,0,0,0,20,20,0,0
Guiding Light,Charm,20.0,0,40,0,0,0,0,0,45
Lightkeeper's Ring,Ring,0.0,0,0,25,0,0,25,0,25
Mass Accumulator,Necklace,0.0,0,60,0,0,0,0,80,0
Crown,Charm,30.0,0,0,0,0,0,90,45,0
Dragon Claw,Charm,0.0,30,0,0,8,0,0,0,0
Royal Federation Crown,Charm,90.0,0,0,0,0,0,180,90,0
Phoenix Heart,Necklace,300.0,0,0,0,0,0,0,-40,0
Celestial Rings,Necklace,90.0,0,250,0,0,0,0,45,140
Apocalypse Bringer,Ring,40.0,20,0,0,5,0,50,0,0
Mythril Ring,Ring,80.0,0,0,40,0,40,24,0,0
Phoenix Wings,Charm,300.0,0,-40,0,0,0,0,0,0
Prismatic Star,Ring,20.0,10,40,20,3,20,20,20,20
Cryogenic Preserver,Charm,250.0,0,0,0,40,-20,50,0,0
Solar Ring,Ring,100.0,8,0,-10,2,-10,0,0,20
Fossilized Crown,Charm,250.0,0,200,0,0,30,100,50,0
FrostThorn Pendant,Necklace,400.0,200,200,-30,0,0,0,100,0
